year,access_base,access_lower,access_upper,usage_base,usage_lower,usage_upper
2025,51.44505494505492,47.5,55.39010989010984,34.88793103448188,24.151062120499176,45.624799948464585
2026,53.74835164835176,46.75,60.746703296703515,38.07758620689583,26.71568730175769,49.43948511203397
2027,55.301648351648325,45.25,65.35329670329665,41.26724137930978,29.224396081358883,53.31008667726068
