year,event_effect_pp
2011,0.0
2012,0.0
2013,0.0
2014,0.0
2015,0.0
2016,0.0
2017,0.0
2018,0.0
2019,0.0
2020,0.0
2021,4.1530054644808745
2022,10.0
2023,13.3224043715847
2024,22.0
2025,22.0
2026,22.0
2027,22.0
